[{"@type":"customFunc","id":"@1","name":"mplt_db_lkp","mappletName":"mplt_ADT_db_lkp","active":true,"mappletXmlFile":"wf_m_DB_ALLDT_DB_mplt_db_lkp_conn.XML","category":"POWERCENTER_MAPPLET","inputs":[{"@type":"field","id":105703955,"name":"ID","type":"string","uniqueName":"ID","label":"ID","parentObject":"mplt_db_lkp","precision":10,"scale":0,"columnIndex":-1,"isKey":false,"isExternalId":false,"isSfIdLookup":false,"isNullable":true,"isUnique":false,"isCreateable":false,"isUpdateable":true,"isFilterable":true,"isCalculated":false,"showLabel":true,"naturalOrder":0,"linkedFields":[],"relatedInfos":[],"references":[]}],"outputs":[{"@type":"field","id":105703957,"name":"ID1","type":"nstring","uniqueName":"ID1","label":"ID1","parentObject":"mplt_db_lkp","precision":18,"scale":0,"columnIndex":-1,"isKey":false,"isExternalId":false,"isSfIdLookup":false,"isNullable":true,"isUnique":false,"isCreateable":false,"isUpdateable":true,"isFilterable":true,"isCalculated":false,"showLabel":true,"naturalOrder":0,"linkedFields":[],"relatedInfos":[],"references":[]},{"@type":"field","id":105703959,"name":"NAME","type":"nstring","uniqueName":"NAME","label":"NAME","parentObject":"mplt_db_lkp","precision":80,"scale":0,"columnIndex":-1,"isKey":false,"isExternalId":false,"isSfIdLookup":false,"isNullable":true,"isUnique":false,"isCreateable":false,"isUpdateable":true,"isFilterable":true,"isCalculated":false,"showLabel":true,"naturalOrder":0,"linkedFields":[],"relatedInfos":[],"references":[]},{"@type":"field","id":105703961,"name":"DATEFILELD__C","type":"date/time","uniqueName":"DATEFILELD__C","label":"DATEFILELD__C","parentObject":"mplt_db_lkp","precision":29,"scale":9,"columnIndex":-1,"isKey":false,"isExternalId":false,"isSfIdLookup":false,"isNullable":true,"isUnique":false,"isCreateable":false,"isUpdateable":true,"isFilterable":true,"isCalculated":false,"showLabel":true,"naturalOrder":0,"linkedFields":[],"relatedInfos":[],"references":[]},{"@type":"field","id":105703963,"name":"EXTERNALID__C","type":"double","uniqueName":"EXTERNALID__C","label":"EXTERNALID__C","parentObject":"mplt_db_lkp","precision":15,"scale":0,"columnIndex":-1,"isKey":false,"isExternalId":false,"isSfIdLookup":false,"isNullable":true,"isUnique":false,"isCreateable":false,"isUpdateable":true,"isFilterable":true,"isCalculated":false,"showLabel":true,"naturalOrder":0,"linkedFields":[],"relatedInfos":[],"references":[]},{"@type":"field","id":105703965,"name":"F_CURRENCY__C","type":"double","uniqueName":"F_CURRENCY__C","label":"F_CURRENCY__C","parentObject":"mplt_db_lkp","precision":15,"scale":0,"columnIndex":-1,"isKey":false,"isExternalId":false,"isSfIdLookup":false,"isNullable":true,"isUnique":false,"isCreateable":false,"isUpdateable":true,"isFilterable":true,"isCalculated":false,"showLabel":true,"naturalOrder":0,"linkedFields":[],"relatedInfos":[],"references":[]},{"@type":"field","id":105703967,"name":"PICKLISTFLD__C","type":"nstring","uniqueName":"PICKLISTFLD__C","label":"PICKLISTFLD__C","parentObject":"mplt_db_lkp","precision":255,"scale":0,"columnIndex":-1,"isKey":false,"isExternalId":false,"isSfIdLookup":false,"isNullable":true,"isUnique":false,"isCreateable":false,"isUpdateable":true,"isFilterable":true,"isCalculated":false,"showLabel":true,"naturalOrder":0,"linkedFields":[],"relatedInfos":[],"references":[]},{"@type":"field","id":105703969,"name":"URLFLD__C","type":"nstring","uniqueName":"URLFLD__C","label":"URLFLD__C","parentObject":"mplt_db_lkp","precision":255,"scale":0,"columnIndex":-1,"isKey":false,"isExternalId":false,"isSfIdLookup":false,"isNullable":true,"isUnique":false,"isCreateable":false,"isUpdateable":true,"isFilterable":true,"isCalculated":false,"showLabel":true,"naturalOrder":0,"linkedFields":[],"relatedInfos":[],"references":[]}],"connections":[{"@type":"pcsConnection","id":13961,"name":"Con_MySQL_in174912","type":"Relational","subType":"ODBC"}]}]