[{"@type":"customFunc","id":"@1","name":"mplt_expr","mappletName":"mplt_ci_expr","active":false,"mappletXmlFile":"wf_m_ci_mplt_expr.XML","category":"POWERCENTER_MAPPLET","inputs":[{"@type":"field","id":105704369,"name":"INT","type":"integer","uniqueName":"INT","label":"INT","parentObject":"mplt_expr","precision":10,"scale":0,"columnIndex":-1,"isKey":false,"isExternalId":false,"isSfIdLookup":false,"isNullable":true,"isUnique":false,"isCreateable":false,"isUpdateable":true,"isFilterable":true,"isCalculated":false,"showLabel":true,"naturalOrder":0,"linkedFields":[],"relatedInfos":[],"references":[]},{"@type":"field","id":105704371,"name":"DECIMAL","type":"decimal","uniqueName":"DECIMAL","label":"DECIMAL","parentObject":"mplt_expr","precision":15,"scale":3,"columnIndex":-1,"isKey":false,"isExternalId":false,"isSfIdLookup":false,"isNullable":true,"isUnique":false,"isCreateable":false,"isUpdateable":true,"isFilterable":true,"isCalculated":false,"showLabel":true,"naturalOrder":0,"linkedFields":[],"relatedInfos":[],"references":[]},{"@type":"field","id":105704373,"name":"STRING1","type":"string","uniqueName":"STRING1","label":"STRING1","parentObject":"mplt_expr","precision":255,"scale":0,"columnIndex":-1,"isKey":false,"isExternalId":false,"isSfIdLookup":false,"isNullable":true,"isUnique":false,"isCreateable":false,"isUpdateable":true,"isFilterable":true,"isCalculated":false,"showLabel":true,"naturalOrder":0,"linkedFields":[],"relatedInfos":[],"references":[]},{"@type":"field","id":105704375,"name":"STRING2","type":"string","uniqueName":"STRING2","label":"STRING2","parentObject":"mplt_expr","precision":255,"scale":0,"columnIndex":-1,"isKey":false,"isExternalId":false,"isSfIdLookup":false,"isNullable":true,"isUnique":false,"isCreateable":false,"isUpdateable":true,"isFilterable":true,"isCalculated":false,"showLabel":true,"naturalOrder":0,"linkedFields":[],"relatedInfos":[],"references":[]},{"@type":"field","id":105704377,"name":"DATE","type":"date/time","uniqueName":"DATE","label":"DATE","parentObject":"mplt_expr","precision":29,"scale":9,"columnIndex":-1,"isKey":false,"isExternalId":false,"isSfIdLookup":false,"isNullable":true,"isUnique":false,"isCreateable":false,"isUpdateable":true,"isFilterable":true,"isCalculated":false,"showLabel":true,"naturalOrder":0,"linkedFields":[],"relatedInfos":[],"references":[]}],"outputs":[{"@type":"field","id":105704379,"name":"OUT_INT","type":"integer","uniqueName":"OUT_INT","label":"OUT_INT","parentObject":"mplt_expr","precision":10,"scale":0,"columnIndex":-1,"isKey":false,"isExternalId":false,"isSfIdLookup":false,"isNullable":true,"isUnique":false,"isCreateable":false,"isUpdateable":true,"isFilterable":true,"isCalculated":false,"showLabel":true,"naturalOrder":0,"linkedFields":[],"relatedInfos":[],"references":[]},{"@type":"field","id":105704381,"name":"OUT_DECIMAL","type":"decimal","uniqueName":"OUT_DECIMAL","label":"OUT_DECIMAL","parentObject":"mplt_expr","precision":15,"scale":3,"columnIndex":-1,"isKey":false,"isExternalId":false,"isSfIdLookup":false,"isNullable":true,"isUnique":false,"isCreateable":false,"isUpdateable":true,"isFilterable":true,"isCalculated":false,"showLabel":true,"naturalOrder":0,"linkedFields":[],"relatedInfos":[],"references":[]},{"@type":"field","id":105704383,"name":"OUT_STRING1","type":"string","uniqueName":"OUT_STRING1","label":"OUT_STRING1","parentObject":"mplt_expr","precision":10,"scale":0,"columnIndex":-1,"isKey":false,"isExternalId":false,"isSfIdLookup":false,"isNullable":true,"isUnique":false,"isCreateable":false,"isUpdateable":true,"isFilterable":true,"isCalculated":false,"showLabel":true,"naturalOrder":0,"linkedFields":[],"relatedInfos":[],"references":[]},{"@type":"field","id":105704385,"name":"OUT_STRING2","type":"string","uniqueName":"OUT_STRING2","label":"OUT_STRING2","parentObject":"mplt_expr","precision":10,"scale":0,"columnIndex":-1,"isKey":false,"isExternalId":false,"isSfIdLookup":false,"isNullable":true,"isUnique":false,"isCreateable":false,"isUpdateable":true,"isFilterable":true,"isCalculated":false,"showLabel":true,"naturalOrder":0,"linkedFields":[],"relatedInfos":[],"references":[]},{"@type":"field","id":105704387,"name":"OUT_DATE","type":"date/time","uniqueName":"OUT_DATE","label":"OUT_DATE","parentObject":"mplt_expr","precision":29,"scale":9,"columnIndex":-1,"isKey":false,"isExternalId":false,"isSfIdLookup":false,"isNullable":true,"isUnique":false,"isCreateable":false,"isUpdateable":true,"isFilterable":true,"isCalculated":false,"showLabel":true,"naturalOrder":0,"linkedFields":[],"relatedInfos":[],"references":[]}],"connections":[]}]